{"schemaVersion":"1.0","appDefinitionTemplate":{"id":"/providers/Microsoft.PowerApps/apps/","type":"Microsoft.PowerApps/apps","tags":{"primaryDeviceWidth":"640","primaryDeviceHeight":"1136","supportsPortrait":"true","supportsLandscape":"true","primaryFormFactor":"Phone","publisherVersion":"3.22081.14","minimumRequiredApiVersion":"2.2.0","hasComponent":"false","hasUnlockedComponent":"false","isUnifiedRootApp":"false","sienaVersion":"20220815T185821Z-3.22081.11.0"},"properties":{"appVersion":"2022-08-15T18:58:21Z","lifeCycleId":"Published","createdByClientVersion":{"major":3,"minor":22081,"build":14,"revision":0,"majorRevision":0,"minorRevision":0},"minClientVersion":{"major":3,"minor":22081,"build":14,"revision":0,"majorRevision":0,"minorRevision":0},"backgroundColor":"RGBA(0,176,240,1)","backgroundImageUri":"/11933797735487038694/Na0ecb928-75f6-4200-8d6f-8551120f3530-logoSmallFile","displayName":"House Help Tracker","description":"","commitMessage":"","appUris":{"documentUri":{"value":"/11933797735487038694/N33672977-0880-4f76-ac5d-63a242b1b11c-document.msapp"},"imageUris":[],"additionalUris":[]},"createdTime":"0001-01-01T00:00:00Z","lastModifiedTime":"0001-01-01T00:00:00Z","sharedGroupsCount":0,"sharedUsersCount":0,"icons":{"smallIconUri":"/11933797735487038694/N2366e449-5add-4970-be4c-cef3748f6469-small.png","mediumIconUri":"/11933797735487038694/N44329b40-5cc9-4bb2-94db-5b78a35d3f3c-medium.png","largeIconUri":"/11933797735487038694/N12c50c47-96a2-4c82-af1b-e70556ead7d9-large.png","wideIconUri":"/11933797735487038694/N85276544-50a8-4594-880e-cc9222c9dbde-wide.png"},"connectionReferences":{"f483f3de-31fc-4dc7-8645-07ade5eab022":{"id":"6ef65044-ca6c-4792-9afe-1215cf8729fb","displayName":"SharePoint","iconUri":"https://connectoricons-prod.azureedge.net/releases/v1.0.1591/1.0.1591.2961/sharepointonline/icon.png","dataSources":["HouseHelpDetails","HouseHelpLeaves","HouseHelpPayments"],"dependencies":[],"dependents":[],"parameterHints":{},"parameterHintsV2":{},"isOnPremiseConnection":false,"bypassConsent":false,"dataSets":{"https://cloudsymphony.sharepoint.com/sites/TrainingSite":{"dataSources":{"HouseHelpDetails":{"tableName":"0463749b-1a8b-44d6-9347-bc86bc1c8fcd"},"HouseHelpLeaves":{"tableName":"913750bd-516f-45d7-ab2e-8b7d4085571f"},"HouseHelpPayments":{"tableName":"3dafba3b-f3f8-490c-89b5-0538238e6607"}}}},"apiTier":"Standard","isCustomApiConnection":false,"actions":["providers/PowerPlatform.Governance/Operations/Read","providers/PowerPlatform.Governance/Operations/Write"]}},"databaseReferences":{},"almMode":"Environment","performanceOptimizationEnabled":true,"canConsumeAppPass":true,"enableModernRuntimeMode":false,"executionRestrictions":{"isTeamsOnly":false,"dataLossPreventionEvaluationResult":{"status":"Compliant","lastEvaluationDate":"2022-08-15T18:24:06.4358927Z","violations":[],"violationsByPolicy":[],"violationErrorMessage":"The app uses the following connectors: shared_sharepointonline."}}},"appType":"ClassicCanvasApp","appComponents":[]}}